Key,English,Korean
UI_BATTLE,Battle,대전
UI_EDIT_DECK,Edit Deck,덱 편집
UI_CREATE_DECK,Create New Deck,새 덱 만들기
UI_DONE,Done,완료
UI_DELETE,Delete,삭제
UI_EDIT,Edit,편집
UI_SELECT_DECK,Select Deck,덱 선택
UI_DECKS,Decks,덱
UI_CARD_DATABASE,Card Database,카드 목록
UI_SEARCH,Search,검색
A_ALETTE_NAME,Alette,알레트
A_ALETTE_TEXT,,
A_ALICE_NAME,Alice,앨리스
A_ALICE_TEXT,,
A_AMELIA_NAME,Amelia,아멜리아
A_AMELIA_TEXT,,
A_ANNETTE_NAME,Annette,아네트
A_ANNETTE_TEXT,,
A_ARUKO_NAME,Aruko,아루코
A_ARUKO_TEXT,,
A_ASANA_NAME,Asana,아사나
A_ASANA_TEXT,,
A_ASHUR_NAME,Ashur,에슈르
A_ASHUR_TEXT,,
A_AYA_NAME,Aya,아야
A_AYA_TEXT,,
A_AYLA_NAME,Ayla,아일라
A_AYLA_TEXT,,
A_BANA_NAME,Bana,바나
A_BANA_TEXT,,
A_BARONG_NAME,Barong,바롱
A_BARONG_TEXT,,
A_BELITA_NAME,Belita,벨리타
A_BELITA_TEXT,,
A_BENI_NAME,Beni,베니
A_BENI_TEXT,,
A_BIGWOOD_NAME,Bigwood,빅우드
A_BIGWOOD_TEXT,,
A_BLANCHE_NAME,Blanche,블랑셰
A_BLANCHE_TEXT,,
A_BUTTER_NAME,Butter,버터
A_BUTTER_TEXT,,
A_CAESAR_NAME,Caesar,시저
A_CAESAR_TEXT,,
A_CATHY_NAME,Cathy,캐시
A_CATHY_TEXT,,
A_CHLOE_NAME,Chloe,클로에
A_CHLOE_TEXT,,
A_CHOPI_NAME,Chopi,쵸피
A_CHOPI_TEXT,,
A_CMAYO_NAME,Mayo (Cool),마요 (멋짐)
A_CMAYO_TEXT,,
A_CRIM_NAME,Rim (Chaos),림 (혼돈)
A_CRIM_TEXT,,
A_DAYA_NAME,Daya,다야
A_DAYA_TEXT,,
A_DAYAPURE_NAME,Daya (Pure Shine),다야 (퓨어샤인)
A_DAYAPURE_TEXT,,
A_DEHLIA_NAME,Dehlia,델리아
A_DEHLIA_TEXT,,
A_DIANA_NAME,Diana,디아나
A_DIANA_TEXT,,
A_DIANAY_NAME,Diana(Yester),디아나(왕년)
A_DIANAY_TEXT,,
A_ED_NAME,Ed,이드
A_ED_TEXT,,
A_EISHA_NAME,Eisha,아이시아
A_EISHA_TEXT,,
A_ELENA_NAME,Elena,엘레나
A_ELENA_TEXT,,
A_EPICA_NAME,Epica,에피카
A_EPICA_TEXT,,
A_ERPIN_NAME,Erpin,에르핀
A_ERPIN_TEXT,,
A_ESPI_NAME,Espi,에스피
A_ESPI_TEXT,,
A_GAVIA_NAME,Gavia,가비아
A_GAVIA_TEXT,,
A_GUIN_NAME,Guin,그윈
A_GUIN_TEXT,,
A_HEIDI_NAME,Heidi,하이디
A_HEIDI_TEXT,,
A_HILDE_NAME,Hilde,힐데
A_HILDE_TEXT,,
A_IFRIT_NAME,Ifrit,이프리트
A_IFRIT_TEXT,,
A_INKLE_NAME,Inkle,잉클
A_INKLE_TEXT,,
A_JADE_NAME,Jade,제이드
A_JADE_TEXT,,
A_JOANNE_NAME,Joanne,죠안
A_JOANNE_TEXT,,
A_JUBEE_NAME,Jubee,쥬비
A_JUBEE_TEXT,,
A_KANNA_NAME,Kanna,칸나
A_KANNA_TEXT,,
A_KAREN_NAME,Karen,카렌
A_KAREN_TEXT,,
A_KIDIAN_NAME,Kidian,키디언
A_KIDIAN_TEXT,,
A_KISHA_NAME,Kisha,키샤
A_KISHA_TEXT,,
A_KOMI_NAME,Komi,코미
A_KOMI_TEXT,,
A_KYAROT_NAME,Kyarot,캬롯
A_KYAROT_TEXT,,
A_KYURI_NAME,Kyuri,큐리
A_KYURI_TEXT,,
A_LAZY_NAME,Lazy,레이지
A_LAZY_TEXT,,
A_LEON_NAME,Leon,리온
A_LEON_TEXT,,
A_LETHE_NAME,Lethe,레테
A_LETHE_TEXT,,
A_LEVI_NAME,Levi,레비
A_LEVI_TEXT,,
A_LUPO_NAME,Lupo,루포
A_LUPO_TEXT,,
A_MAESTRO_NAME,Maestro the 2ND,마에스트로 2호
A_MAESTRO_TEXT,,
A_MAISON_NAME,Maison,메이죵
A_MAISON_TEXT,,
A_MAKASHA_NAME,Makasha,마카샤
A_MAKASHA_TEXT,,
A_MARGO_NAME,Margo,마고
A_MARGO_TEXT,,
A_MARIE_NAME,Marie,마리
A_MARIE_TEXT,,
A_MAYO_NAME,Mayo,마요
A_MAYO_TEXT,,
A_MINX_NAME,Minx,밍스
A_MINX_TEXT,,
A_MIRO_NAME,Miro,미로
A_MIRO_TEXT,,
A_MOMO_NAME,Momo,모모
A_MOMO_TEXT,,
A_MUTE_NAME,Mute,뮤트
A_MUTE_TEXT,,
A_NAIA_NAME,Naia,나이아
A_NAIA_TEXT,,
A_NERE_NAME,Nere,네르
A_NERE_TEXT,,
A_NETTY_NAME,Netty,네티
A_NETTY_TEXT,,
A_NICOLE_NAME,Nicole,니콜
A_NICOLE_TEXT,,
A_OPAL_NAME,Opal,오팔
A_OPAL_TEXT,,
A_ORE_NAME,Ore,오르
A_ORE_TEXT,,
A_OUROS_NAME,Ouros,우로스
A_OUROS_TEXT,,
A_PATRA_NAME,Patra,파트라
A_PATRA_TEXT,,
A_PICORA_NAME,Picora,피코라
A_PICORA_TEXT,,
A_POLANG_NAME,Polang,폴랑
A_POLANG_TEXT,,
A_POSHER_NAME,Posher,포셔
A_POSHER_TEXT,,
A_PRICKLE_NAME,Prickle,프리클
A_PRICKLE_TEXT,,
A_PYRA_NAME,Pyra,피라
A_PYRA_TEXT,,
A_RAIKA_NAME,Raika,라이카
A_RAIKA_TEXT,,
A_RAN_NAME,Ran,란
A_RAN_TEXT,,
A_RENEWA_NAME,Renewa,리뉴아
A_RENEWA_TEXT,,
A_RICOTA_NAME,Ricota,리코타
A_RICOTA_TEXT,,
A_RIM_NAME,Rim,림
A_RIM_TEXT,,
A_RISTI_NAME,Risti,리스티
A_RISTI_TEXT,,
A_RITZ_NAME,Ritz,리츠
A_RITZ_TEXT,,
A_RMELIA_NAME,Amelia (R41),아멜리아 (R41)
A_RMELIA_TEXT,,
A_RONNIE_NAME,Ronnie,로니
A_RONNIE_TEXT,,
A_ROULETTE_NAME,Roulette,롤렛
A_ROULETTE_TEXT,,
A_RUDD_NAME,Rudd,루드
A_RUDD_TEXT,,
A_SARI_NAME,Sari,사리
A_SARI_TEXT,,
A_SASHA_NAME,Sasha,사샤
A_SASHA_TEXT,,
A_SELENE_NAME,Selene,셀린
A_SELENE_TEXT,,
A_SHAYDI_NAME,Shaydi,셰이디
A_SHAYDI_TEXT,,
A_SHAYDIT_NAME,Shaydi (Twisted),셰이디 (역전)
A_SHAYDIT_TEXT,,
A_SHERUM_NAME,Sherum,셰럼
A_SHERUM_TEXT,,
A_SHUPANG_NAME,Shupang,슈팡
A_SHUPANG_TEXT,,
A_SHURO_NAME,Shuro,슈로
A_SHURO_TEXT,,
A_SKIA_NAME,Skia,스키아
A_SKIA_TEXT,,
A_SNORKI_NAME,Snorki,스노키
A_SNORKI_TEXT,,
A_SPARROT_NAME,Sparrot,스패럿
A_SPARROT_TEXT,,
A_SPEAKI_NAME,Speaki,스피키
A_SPEAKI_TEXT,,
A_SYLA_NAME,Syla,실라
A_SYLA_TEXT,,
A_SYLPHYR_NAME,Sylphyr,실피르
A_SYLPHYR_TEXT,,
A_SYLVIA_NAME,Syliva,실비아
A_SYLVIA_TEXT,,
A_TAIDA_NAME,Taida,타이다
A_TAIDA_TEXT,,
A_THYST_NAME,Thyst,시스트
A_THYST_TEXT,,
A_TIG_NAME,Tig,티그
A_TIG_TEXT,,
A_UI_NAME,UI,우이
A_UI_TEXT,,
A_VARIE_NAME,Varie,바리에
A_VARIE_TEXT,,
A_VELA_NAME,Vela,벨라
A_VELA_TEXT,,
A_VELVET_NAME,Velvet,벨벳
A_VELVET_TEXT,,
A_VEROO_NAME,Veroo,베루
A_VEROO_TEXT,,
A_VIVI_NAME,Vivi,비비
A_VIVI_TEXT,,
A_XION_NAME,Xion,시온
A_XION_TEXT,,
A_YUMIMI_NAME,Yumimi,유미미
A_YUMIMI_TEXT,,
AR_BRECORDER_NAME,Broken Recorder,부서진 리코더
AR_BRECORDER_TEXT,,
AR_BSTAFF_NAME,Belita’s Staff,벨리타의 지팡이
AR_BSTAFF_TEXT,,
AR_IFRITSWORD_NAME,Ifrit’s Sword,이프리트의 검
AR_IFRITSWORD_TEXT,,
AR_NERFLAG_NAME,Nere’s Flag,네르의 깃발
AR_NERFLAG_TEXT,,
M_CUCUMBER_NAME,Cucumber,오이
M_CUCUMBER_TEXT,,
M_DRONE_NAME,Drone,드론
M_DRONE_TEXT,,
M_FRIDGE_NAME,Frostnova Fridge Unit,프로스트노바 냉동유닛
M_FRIDGE_TEXT,,
M_PUMPKIN_NAME,Pumpkin,호박
M_PUMPKIN_TEXT,,
M_SCARFGON_NAME,Scarfgon,스카프곤
M_SCARFGON_TEXT,,
M_SPRITESOLDIER_NAME,Sprite Soldier,요정 병사
M_SPRITESOLDIER_TEXT,,
S_BOMB_NAME,Bomb,폭탄
S_BOMB_TEXT,,
S_BREAD_NAME,Bread,빵
S_BREAD_TEXT,,
S_COIN_NAME,Random Coin,랜덤코인
S_COIN_TEXT,,
S_FARM_NAME,Farm,농사짓기
S_FARM_TEXT,,
S_MAKASHA_NAME,Ehehe,이히히
S_MAKASHA_TEXT,,
S_MINT_NAME,Mint,민트
S_MINT_TEXT,,
S_MOW_NAME,Master of Weapon,무기의 달인
S_MOW_TEXT,,
S_TUMBLR_NAME,Tumbler,텀플러
S_TUMBLR_TEXT,,
S_VOW_NAME,Vow of Silence,침묵의 수행
S_VOW_TEXT,,
