ID,Description
"A_BANA","Battlecry: Draw a random Artifact."
"A_BENI","Battlecry: Give another friendly unit +2 Health."
"A_BUTTER","데미지를 받으면 +1/+1이 된다."
"A_CHOPI","On Attack: Gain +1 Attack."
"A_DEHLIA","Battlecry: If Guin is on your field, gain +1/+1 and draw a card."
"A_DIANAY","First Strike. Whenever this attacks, give it +2 Attack."
"A_DIANA","Taunt. Whenever another friendly Beastfolk gains stats, gain +1 Attack."
"A_EPICA","Passive: After you summon a unit, give it +1/+1"
"A_GUIN","Battlecry: Draw a card."
"A_KOMI","Turn End: If this didn't attack this turn, gain +1/+1."
"A_LEON","Taunt. Whenever another friendly unit is attacked, gain +1 Attack."
"A_LUPO","Battlecry: Give another friendly Beastfolk +1/+1. If it's Tig, give it +2/+2 instead. "
"A_MARGO","Passive: Other friendly Beastfolk have +1 Attack."
"A_MINX","Battlecry: GIve a unit +1/+1"
"A_MOMO","Battlecry: Summon a 2/2 Shadow Clone of Momo."
"A_OUROS","Passive: Enemy Units have -1/-1. Friendly Beastfolk have +1/+1"
"A_RAN","On Attack: Give another random friendly Beastfolk +1/+1"
"A_SHURO","Whenever this unit kills a unit, gain +2/+2. If its attack or hp reaches 7, transform into Ouros"
"A_SPARROT","Rush. When you play an Apostle, summon from deck. "
"A_TIG","Double Attack. On Attack: Gain +1/+1"
"A_YUMIMI","Battlecry: Deal 2 damage to the enemy player."
"A_ANNETTE","Battlecry: Choose another friendly unit. It attacks a random enemy unit."
"A_DAYA","If you have at least 9 Mana when playing Daya, spend 9 instead and transform her into Daya (Pure Shine)."
"A_DAYAPURE","If you have at least 9 Mana when playing Daya, spend 9 instead and transform her into Daya (Pure Shine)."
"A_JADE","Battlecry: Gain 1 empty maximum Mana."
"A_KIDIAN","Rush"
"A_NETTY","Battlecry: Equip a random Artifact from your hand to Netty."
"A_OPAL","Takes 1 additional damage from all sources."
"A_PYRA","Battlecry: Your next card costs 2 less"
"A_RITZ","When attacked, swap Ritz's Attack and Heatlh before combat. "
"A_RUDD","Whenever Rudd gains stats, gain an additional +1/+1."
"A_SYLPHYR","Number are stuck at 3"
"A_SYLVIA","Taunt. Endure."
"A_THYST","Battlecry: Create a random item from Thyst's questionable merchandise."
"A_VIVI","Passive: Friendly units deal combat damage using their Health instead of Attack."
"A_ARUKO","Battlecry: Dance Battle (All units attack a random unit)"
"A_AYLA","Deathrattle: Deal Damage Equal to Damage Taken"
"A_BIGWOOD","Taunt, Endure."
"A_BLANCHE","Battlecry: Deal damage to a unit equal to its Attack."
"A_CAESAR","Battlecry: Destroy a unit."
"A_GAVIA","On Damage Taken: Deal 1 damage to all enemy units."
"A_IFRIT","Deathrattle: Equip Sword of Ifrit to Random Ally Minion"
"A_INKLE","Battlecry: Create a copy of all spells in hand."
"A_JUBEE","Gain +1/+1 per Jubee on Field"
"A_MIRO","Battlecry: Choose a unit. Shuffle a copy of it into your deck."
"A_MUTE","Battlecry: Look at the top 2 cards of the enemy deck. Destroy one."
"A_NAIA","Battlecry: Return a unit to its owner's hand."
"A_NICOLE","On Attack: Deal 1 Damage to all enemy units"
"A_RAIKA","Shock"
"A_SYLA"," Rush. On Attack: Deal 2 damage to the enemy player."
"A_UI","Battlecry: Silence all units."
"A_ALETTE","Taunt, Endure."
"A_RMELIA","Battlecry: If you control Elena, gain +2/+2"
"A_AMELIA","Battlecry: If you control Elena, give her +2/+2 and Taunt."
"A_CATHY","Shock, Stealth"
"A_ED","Turn End: Gain a Dream counter. At 3, awaken into a major payoff."
"A_EISHA","등장: 냉동고 하나를 소환한다."
"A_ELENA","Battlecry: Create M.E.O.W."
"A_HEIDI","Battlecry: Give another unit +2 Attack"
"A_HILDE","Battlecry: Restore 4 Health to Player"
"A_KANNA","Battlecry: Deal 3 damage to a unit."
"A_LAZY","Battlecry: Deal 1 Damage"
"A_MAESTRO","Elf + Machine. Benefits from both categories."
"A_ORE","Battlecry: Create a random Machine Monster."
"A_RENEWA","Battlecry: Friendly units take no damage this turn."
"A_RISTI","Battlecry: Reduce the cost of a random card in your hand by 2."
"A_TAIDA","After attacking, cannot attack next turn. "
"A_ALICE","Bypass. Battlecry: Shuffle 3 unique Tarot cards into your deck. Draw all 3 to win."
"A_BARONG","Bypass. Battlecry: Choose a unit. When Barong dies, destroy it."
"A_ESPI","Bypass. On Attack: Draw the top card of the opponent's deck."
"A_KISHA","Battlecry: Change the background music."
"A_LETHE","Bypass. Battlecry: Silence a unit."
"A_MAISON","Battlecry: Draw a Sari"
"A_CRIM","Bypass. Battlecry: Set each other unit's ATK and HP randomly between the board's current lowest and highest stats."
"A_RIM","Bypass. Battlecry: Set every other unit's ATK and HP to the lowest current stat among all units."
"A_SARI","Battlecry: Draw a Veroo"
"A_SELENE","Bypass. Taunt."
"A_SHAYDIT","Bypass. Battlecry: Swap the ATK and HP of all other units."
"A_SHAYDI","Bypass. Battlecry: Randomize the ATK and HP of units."
"A_SPEAKI","Battlecry: Choose another unit. Copy its Attack and Health."
"A_VELA","Battlecry: Transform a Minion into Pumpkin"
"A_VEROO","Battlecry: Draw a Maison"
"A_XION","Bypass. Battlecry: Deal 2 damage to a unit."
"A_ASHUR","Resonance: Create a Bread in your hand. "
"A_CHLOE","Battlecry: Summon a Sebastian"
"A_CMAYO","Rush, Taunt"
"A_ERPIN","Battlecry: Cast all Bread in hand to self. "
"A_JOANNE","Battlecry: Create 2 Bread in Hand. "
"A_KAREN","On Damage Taken: Summon a Carrot"
"A_KYAROT","Battlecry: Buff all Friendly Vegetables by +2/+2"
"A_KYURI","All cucumbers have 5/2 statline"
"A_MARIE","Battlecry: Shuffle 3 Bombs into Opponent's Deck"
"A_MAYO","Battlecry: Create a random Artifact in your hand. "
"A_NERE","Your sprites have +1 Health"
"A_PATRA","Battlecry: Create a Mint Bread in your hand. "
"A_POLANG","Battlecry: Summon 3 Sprite Soldiers"
"A_RICOTA","At the end of the turn, create a Bread in your hand"
"A_RONNIE","Deathrattle: Create a Broken Recorder in your hand."
"A_SASHA","Battlecry: Create a Tumbler in your hand. "
"A_SHUPANG","Battlecry: Draw 1 Card
At the end of turn, return to hand. "
"A_SKIA","Battlecry: Create a Vow of Silence in your hand"
"A_ASANA","Resonance: Restore 1 Health to Asana and give her +1 Attack."
"A_AYA","Resonance: After every 3rd spell you cast while Aya is on field, draw a card."
"A_BELITA","Passive: Your Spells cost 1 less."
"A_LEVI","Gains a Study counter whenever you cast a spell. At 5, Graduate."
"A_MAKASHA",""
"A_PICORA","Battlecry and Turn End: Create a random Sticker that grants a keyword."
"A_POSHER","Battlecry: Create a random Potion."
"A_PRICKLE",""
"A_ROULETTE","Battlecry: Spin the Roulette. Apply the same random result to both players."
"A_SHERUM","Every third Resonance: Create a copy of the last Spell you cast."
"A_SNORKI",""
"A_VARIE","Battlecry: Return up to 2 random Spells from your Graveyard to your hand."
"A_VELVET","Resonance: Gain +1 Attack."
"AR_BSTAFF","Belita'sStaff"
"AR_BRECORDER","Give -2 Health to enemy"
"AR_IFRITSWORD","If none holds the sword, Ifrit comes back to find it"
"AR_NERFLAG",""
"M_SCARFGON","Battlecry: Deal 1 Damage"
"M_DRONE",""
"M_FRIDGE",""
"","Taunt"
"M_SPRITESOLDIER",""
"M_CUCUMBER","Rush"
"M_PUMPKIN",""
"S_BOMB",""
"S_BREAD","Buff a unit by +1/+1"
"S_FARM",""
"S_MAKASHA","Makes Makasha Laugh Noise"
"S_MOW","Master of Weapon"
"S_MINT","Deal 2 Damage"
"S_COIN","Increase Max Mana by 1"
"S_TUMBLR","Bounce a Card Back to hand"
"S_VOW","Silence a Unit"
