Type,ID,Name,Description,Cost,Attack,Health,Race,Keywords,Collectible,UnlimitedCopies,AttackBonus,HealthBonus,GrantedKeywords,MaxEquipment,NameEnglish,NameKorean,DescriptionEnglish,DescriptionKorean
Apostle,A_BANA,Bana,Battlecry: Draw a random Artifact.,3,2,3,Beastfolk,,true,false,,,,3,Bana,바나,Battlecry: Draw a random Artifact.,등장: 무작위 아티팩트를 1장 뽑기.
Apostle,A_BENI,Beni,Battlecry: Give another friendly unit +2 Health.,4,3,5,Beastfolk,,true,false,,,,3,Beni,베니,Battlecry: Give another friendly unit +2 Health.,등장: 다른 아군 유닛에게 방어 +2 부여.
Apostle,A_BUTTER,버터,데미지를 받으면 +1/+1이 된다.,4,3,3,Beastfolk,Endure,true,false,,,,3,Butter,버터,"After taking damage, gain +1/+1.",피해 시 +1/+1.
Apostle,A_CHOPI,Chopi,On Attack: Gain +1 Attack.,2,2,2,Beastfolk,,true,false,,,,3,Chopi,쵸피,On Attack: Gain +1 Attack.,공격 시 공격 +1.
Apostle,A_DEHLIA,Dehlia,"Battlecry: If Guin is on your field, gain +1/+1 and draw a card.",2,2,2,Beastfolk,,true,false,,,,3,Dehlia,델리아,"Battlecry: If Guin is on your field, gain +1/+1 and draw a card.",등장: 내 필드에 그윈이 있으면 +1/+1을 얻고 카드 1장 뽑기.
Apostle,A_DIANAY,Diana (Yester),"First Strike. Whenever this attacks, give it +2 Attack.",7,7,7,Beastfolk,FirstStrike,true,false,,,,3,Diana(Yester),디아나(왕년),"First Strike. Whenever this attacks, give it +2 Attack.",선빵. 공격 시 공격 +2.
Apostle,A_DIANA,Diana,"Taunt. Whenever another friendly Beastfolk gains stats, gain +1 Attack.",7,6,8,Beastfolk,Taunt,true,false,,,,3,Diana,디아나,"Taunt. Whenever another friendly Beastfolk gains stats, gain +1 Attack.",도발. 다른 아군 수인 강화 시 공격 +1.
Apostle,A_EPICA,Epica,"Passive: After you summon a unit, give it +1/+1",3,2,3,Beastfolk,,true,false,,,,3,Epica,에피카,"Passive: After you summon a unit, give it +1/+1",아군 유닛 소환 시 그 유닛 +1/+1.
Apostle,A_GUIN,Guin,Battlecry: Draw a card.,3,2,4,Beastfolk,,true,false,,,,3,Guin,그윈,Battlecry: Draw a card.,등장: 카드 1장 뽑기.
Apostle,A_KOMI,Komi,"Turn End: If this didn't attack this turn, gain +1/+1.",3,2,4,Beastfolk,,true,false,,,,3,Komi,코미,"Turn End: If this didn't attack this turn, gain +1/+1.",턴 종료: 이번 턴 공격하지 않았다면 +1/+1 획득.
Apostle,A_LEON,LEON,"Taunt. Whenever you take damage, gain +1 Attack.",4,2,6,Beastfolk,Taunt,true,false,,,,3,Leon,리온,"Taunt. Whenever you take damage, gain +1 Attack.",도발. 피해 시 공격 +1.
Apostle,A_LUPO,Lupo,"Battlecry: Give another friendly Beastfolk +1/+1. If it's Tig, give it +2/+2 instead. ",3,3,3,Beastfolk,,true,false,,,,3,Lupo,루포,"Battlecry: Give another friendly Beastfolk +1/+1. If it's Tig, give it +2/+2 instead.",등장: 다른 아군 수인 하나에게 +1/+1 부여. 티그라면 대신 +2/+2 부여.
Apostle,A_MARGO,Margo,Passive: Other friendly Beastfolk have +1 Attack.,4,3,5,Beastfolk,,true,false,,,,3,Margo,마고,Passive: Other friendly Beastfolk have +1 Attack.,다른 아군 수인 공격 +1.
Apostle,A_MINX,Minx,Battlecry: Give a unit +1/+1,2,2,2,Beastfolk,,true,false,,,,3,Minx,밍스,Battlecry: Give a unit +1/+1,등장: 유닛에게 +1/+1 부여.
Apostle,A_MOMO,Momo,Battlecry: Summon a 2/2 Shadow Clone of Momo.,3,2,2,Beastfolk,,true,false,,,,3,Momo,모모,Battlecry: Summon a 2/2 Shadow Clone of Momo.,등장: 모모의 2/2 그림자 복제본 1개 소환.
Apostle,A_OUROS,Ouros,Passive: Enemy Units have -1/-1. Friendly Beastfolk have +1/+1,8,7,7,Beastfolk,,true,false,,,,3,Ouros,우로스,Passive: Enemy Units have -1/-1. Friendly Beastfolk have +1/+1,적 유닛 -1/-1. 아군 수인 +1/+1.
Apostle,A_RAN,Ran,On Attack: Give another random friendly Beastfolk +1/+1,4,4,4,Beastfolk,,true,false,,,,3,Ran,란,On Attack: Give another random friendly Beastfolk +1/+1,공격 시 다른 무작위 아군 수인 하나에게 +1/+1 부여.
Apostle,A_SHURO,Shuro,"Whenever this unit kills a unit, gain +2/+2. If its attack or hp reaches 7, transform into Ouros",4,3,3,Beastfolk,,true,false,,,,3,Shuro,슈로,"Whenever this unit kills a unit, gain +2/+2. If its attack or hp reaches 7, transform into Ouros",유닛 처치 시 +2/+2. 공격력이나 체력이 7에 도달하면 우로스로 변신.
Apostle,A_SPARROT,Sparrot,"Rush. When you play an Apostle, summon from deck. ",1,1,1,Beastfolk,Rush,true,false,,,,3,Sparrot,스패럿,"Rush. When you play an Apostle, summon from deck.",속공. 사도 사용 시 덱에서 자신 소환.
Apostle,A_TIG,Tig,Double Attack. On Attack: Gain +1/+1,5,4,5,Beastfolk,,true,false,,,,3,Tig,티그,Double Attack. On Attack: Gain +1/+1,2회 공격. 공격 시 +1/+1.
Apostle,A_YUMIMI,Yumimi,Battlecry: Deal 2 damage to the enemy player.,2,2,2,Beastfolk,,true,false,,,,3,Yumimi,유미미,Battlecry: Deal 2 damage to the enemy player.,등장: 적 영웅에게 피해 2.
Apostle,A_ANNETTE,Annette,Battlecry: Choose another friendly unit. It attacks a random enemy unit.,5,4,6,Dragon,,true,false,,,,3,Annette,아네트,Battlecry: Choose another friendly unit. It attacks a random enemy unit.,등장: 다른 아군 유닛이 무작위 적 유닛을 공격.
Apostle,A_DAYA,Daya,"If you have at least 9 Mana when playing Daya, spend 9 instead and transform her into Daya (Pure Shine).",9,7,8,Dragon,,true,false,,,,3,Daya,다야,"If you have at least 9 Mana when playing Daya, spend 9 instead and transform her into Daya (Pure Shine).",사용 시 마나가 9 이상이면 마나 9를 쓰고 다야(퓨어샤인)로 변신.
Apostle,A_DAYAPURE,Daya Pureshine,Transformed form of Daya (Pure Shine).,9,10,12,Dragon,,false,false,,,,3,Daya (Pure Shine),다야 (퓨어샤인),Transformed form of Daya (Pure Shine).,다야의 퓨어샤인 변신 형태.
Apostle,A_JADE,Jade,Battlecry: Gain 1 empty maximum Mana.,4,3,4,Dragon,,true,false,,,,3,Jade,제이드,Battlecry: Gain 1 empty maximum Mana.,등장: 빈 최대 마나 +1.
Apostle,A_KIDIAN,Kidian,Rush,3,4,2,Dragon,Rush,true,false,,,,3,Kidian,키디언,Rush,속공.
Apostle,A_NETTY,Netty,Battlecry: Equip a random Artifact from your hand to Netty.,5,5,6,Dragon,,true,false,,,,3,Netty,네티,Battlecry: Equip a random Artifact from your hand to Netty.,등장: 패의 무작위 아티팩트 하나를 네티에게 장착.
Apostle,A_OPAL,Opal,Takes 1 additional damage from all sources.,4,5,8,Dragon,,true,false,,,,3,Opal,오팔,Takes 1 additional damage from all sources.,받는 피해 +1.
Apostle,A_PYRA,Pyra,Battlecry: Your next card costs 2 less,3,2,3,Dragon,,true,false,,,,3,Pyra,피라,Battlecry: Your next card costs 2 less,등장: 다음 사용하는 카드의 비용이 2 감소.
Apostle,A_RITZ,Ritz,"When attacked, swap Ritz's Attack and Health before combat. ",5,4,7,Dragon,,true,false,,,,3,Ritz,리츠,"When attacked, swap Ritz's Attack and Health before combat.",공격받기 전 자신의 공격력과 체력 교환.
Apostle,A_RUDD,Rudd,"Whenever Rudd gains stats, gain an additional +1/+1.",7,8,8,Dragon,,true,false,,,,3,Rudd,루드,"Whenever Rudd gains stats, gain an additional +1/+1.",강화 시 추가 +1/+1.
Apostle,A_SYLPHYR,Sylphyr,Values are fixed at 3.,3,3,3,Dragon,,true,false,,,,3,Sylphyr,실피르,Values are fixed at 3.,수치는 3으로 고정.
Apostle,A_SYLVIA,Sylvia,Taunt. Endure.,6,4,9,Dragon,Taunt;Endure,true,false,,,,3,Syliva,실비아,Taunt. Endure.,도발. 참기.
Apostle,A_THYST,Thyst,Battlecry: Create a random item from Thyst's questionable merchandise.,4,2,3,Dragon,,true,false,,,,3,Thyst,시스트,Battlecry: Create a random item from Thyst's questionable merchandise.,등장: 시스트의 수상한 상품 중 무작위 아이템 1개 생성.
Apostle,A_VIVI,Vivi,Passive: Friendly units deal combat damage using their Health instead of Attack.,4,2,6,Dragon,,true,false,,,,3,Vivi,비비,Passive: Friendly units deal combat damage using their Health instead of Attack.,아군은 공격력 대신 체력으로 전투 피해를 줌.
Apostle,A_ARUKO,Aruko,Battlecry: Dance Battle (All units attack a random unit),6,4,5,Elemental,,true,false,,,,3,Aruko,아루코,Battlecry: Dance Battle (All units attack a random unit),등장: 댄스 배틀. 모든 유닛이 무작위 유닛을 공격.
Apostle,A_AYLA,Ayla,Deathrattle: Deal Damage Equal to Damage Taken,3,1,1,Sprite,,true,false,,,,3,Ayla,아일라,Deathrattle: Deal Damage Equal to Damage Taken,퇴장: 받은 피해만큼 피해.
Apostle,A_BIGWOOD,Bigwood,"Taunt, Endure.",7,4,10,Elemental,Taunt;Endure,true,false,,,,3,Bigwood,빅우드,"Taunt, Endure.",도발. 참기.
Apostle,A_BLANCHE,Blanche,Battlecry: Deal damage to a unit equal to its Attack.,4,3,4,Elemental,,true,false,,,,3,Blanche,블랑셰,Battlecry: Deal damage to a unit equal to its Attack.,등장: 유닛에게 그 유닛의 공격력만큼 피해.
Apostle,A_CAESAR,Caesar,Battlecry: Destroy a unit.,6,4,4,Elemental,,true,false,,,,3,Caesar,시저,Battlecry: Destroy a unit.,등장: 유닛 하나를 파괴.
Apostle,A_GAVIA,Gavia,On Damage Taken: Deal 1 damage to all enemy units.,5,3,6,Elemental,,true,false,,,,3,Gavia,가비아,On Damage Taken: Deal 1 damage to all enemy units.,피해 시 모든 적 유닛에게 피해 1.
Apostle,A_IFRIT,Ifrit,Deathrattle: Equip Sword of Ifrit to Random Ally Minion,4,2,2,Elemental,,true,false,,,,3,Ifrit,이프리트,Deathrattle: Equip Sword of Ifrit to Random Ally Minion,퇴장: 무작위 아군 유닛에게 이프리트의 검을 장착.
Apostle,A_INKLE,Inkle,Battlecry: Create a copy of all spells in hand.,4,3,5,Elemental,,true,false,,,,3,Inkle,잉클,Battlecry: Create a copy of all spells in hand.,등장: 패의 모든 마법의 복사본 생성.
Apostle,A_JUBEE,Jubee,Gain +1/+1 per Jubee on Field,2,1,1,Elemental,,true,true,,,,3,Jubee,쥬비,Gain +1/+1 per Jubee on Field,필드의 쥬비당 +1/+1.
Apostle,A_MIRO,Miro,Battlecry: Choose a unit. Shuffle a copy of it into your deck.,4,3,4,Elemental,,true,false,,,,3,Miro,미로,Battlecry: Choose a unit. Shuffle a copy of it into your deck.,등장: 유닛 하나를 선택하여 그 복사본을 내 덱에 섞기.
Apostle,A_MUTE,Mute,Battlecry: Look at the top 2 cards of the enemy deck. Destroy one.,4,3,4,Elemental,,true,false,,,,3,Mute,뮤트,Battlecry: Look at the top 2 cards of the enemy deck. Destroy one.,등장: 상대 덱 맨 위 2장을 보고 하나를 파괴.
Apostle,A_NAIA,Naia,Battlecry: Return a unit to its owner's hand.,5,3,4,Elemental,,true,false,,,,3,Naia,나이아,Battlecry: Return a unit to its owner's hand.,등장: 유닛 하나를 주인의 패로 되돌리기.
Apostle,A_NICOLE,Nicole,On Attack: Deal 1 Damage to all enemy units,4,4,4,Elemental,,true,false,,,,3,Nicole,니콜,On Attack: Deal 1 Damage to all enemy units,공격 시 모든 적 유닛에게 피해 1.
Apostle,A_RAIKA,Raika,Shock,4,3,3,Elemental,Shock,true,false,,,,3,Raika,라이카,Shock,감전.
Apostle,A_SYLA,Syla, Rush. On Attack: Deal 2 damage to the enemy player.,3,3,2,Elemental,Rush,true,false,,,,3,Syla,실라,Rush. On Attack: Deal 2 damage to the enemy player.,속공. 공격 시 적 영웅에게 피해 2.
Apostle,A_UI,Ui,Battlecry: Silence all units.,7,5,5,Elemental,,true,false,,,,3,UI,우이,Battlecry: Silence all units.,등장: 모든 유닛을 침묵.
Apostle,A_ALETTE,Alette,"Taunt, Endure.",3,2,5,Elf,Endure;Taunt,true,false,,,,3,Alette,알레트,"Taunt, Endure.",도발. 참기.
Apostle,A_RMELIA,Amelia(R41),"Battlecry: If you control Elena, gain +2/+2",4,4,4,Elf,,true,false,,,,3,Amelia (R41),아멜리아 (R41),"Battlecry: If you control Elena, gain +2/+2",등장: 내 필드에 엘레나가 있으면 +2/+2 획득.
Apostle,A_AMELIA,Amelia,"Battlecry: If you control Elena, give her +2/+2 and Taunt.",3,2,4,Elf,,true,false,,,,3,Amelia,아멜리아,"Battlecry: If you control Elena, give her +2/+2 and Taunt.",등장: 내 필드에 엘레나가 있으면 엘레나에게 +2/+2와 도발 부여.
Apostle,A_CATHY,Cathy,"Shock, Stealth",3,2,2,Elf,Shock;Stealth,true,false,,,,3,Cathy,캐시,"Shock, Stealth",감전. 은신.
Apostle,A_ED,Ed,"Turn End: Gain a Dream counter. At 3, awaken into a major payoff.",3,1,5,Elf,,true,false,,,,3,Ed,이드,"Turn End: Gain a Dream counter. At 3, awaken into a major payoff.",턴 종료: 꿈 카운터 획득. 3개가 되면 각성.
Apostle,A_EISHA,아이시아,등장: 냉동고 하나를 소환한다.,1,1,3,Elf,,true,false,,,,3,Eisha,아이시아,Battlecry: Summon a Fridge.,등장: 냉동고 1개 소환.
Apostle,A_ELENA,Elena,Battlecry: Create M.E.O.W.,6,4,6,Elf,,true,false,,,,3,Elena,엘레나,Battlecry: Create M.E.O.W.,등장: M.E.O.W. 생성.
Apostle,A_HEIDI,Heidi,Battlecry: Give another unit +2 Attack,3,3,3,Elf,,true,false,,,,3,Heidi,하이디,Battlecry: Give another unit +2 Attack,등장: 다른 유닛에게 공격 +2 부여.
Apostle,A_HILDE,Hilde,Battlecry: Restore 4 Health to Player,4,2,5,Elf,,true,false,,,,3,Hilde,힐데,Battlecry: Restore 4 Health to Player,등장: 내 영웅의 체력 4 회복.
Apostle,A_KANNA,Kanna,Battlecry: Deal 3 damage to a unit.,5,5,4,Elf,,true,false,,,,3,Kanna,칸나,Battlecry: Deal 3 damage to a unit.,등장: 유닛에게 피해 3.
Apostle,A_LAZY,Lazy,Battlecry: Deal 1 Damage,2,3,2,Elf,,true,false,,,,3,Lazy,레이지,Battlecry: Deal 1 Damage,등장: 피해 1.
Apostle,A_MAESTRO,Maestro the 2nd,Elf + Machine. Benefits from both categories.,7,6,7,Elf,,true,false,,,,3,Maestro the 2ND,마에스트로 2호,Elf + Machine. Benefits from both categories.,엘프·기계. 두 분류의 효과를 모두 받음.
Apostle,A_ORE,Ore,Battlecry: Create a random Machine Monster.,4,3,4,Elf,,true,false,,,,3,Ore,오르,Battlecry: Create a random Machine Monster.,등장: 무작위 기계 몬스터 1개 생성.
Apostle,A_RENEWA,Renewa,Battlecry: Friendly units take no damage this turn.,5,3,5,Elf,,true,false,,,,3,Renewa,리뉴아,Battlecry: Friendly units take no damage this turn.,등장: 이번 턴 아군 피해 면역.
Apostle,A_RISTI,Risti,Battlecry: Reduce the cost of a random card in your hand by 2.,3,2,3,Elf,,true,false,,,,3,Risti,리스티,Battlecry: Reduce the cost of a random card in your hand by 2.,등장: 패의 무작위 카드 하나의 비용 -2.
Apostle,A_TAIDA,Lazy,"After attacking, cannot attack next turn. ",3,4,4,Elf,,true,false,,,,3,Taida,타이다,"After attacking, cannot attack next turn.",공격 후 다음 턴 공격 불가.
Apostle,A_ALICE,Alice,Bypass. Battlecry: Shuffle 3 unique Tarot cards into your deck. Draw all 3 to win.,5,3,5,Ghost,Bypass,true,false,,,,3,Alice,앨리스,Bypass. Battlecry: Shuffle 3 unique Tarot cards into your deck. Draw all 3 to win.,우회. 등장: 서로 다른 타로 3장을 내 덱에 섞기. 모두 뽑으면 승리.
Apostle,A_BARONG,Barong,"Bypass. Battlecry: Choose a unit. When Barong dies, destroy it.",5,3,3,Ghost,Bypass,true,false,,,,3,Barong,바롱,"Bypass. Battlecry: Choose a unit. When Barong dies, destroy it.",우회. 등장: 유닛 지정. 자신 사망 시 지정한 유닛 파괴.
Apostle,A_ESPI,Espi,Bypass. On Attack: Draw the top card of the opponent's deck.,3,1,1,Ghost,Bypass,true,false,,,,3,Espi,에스피,Bypass. On Attack: Draw the top card of the opponent's deck.,우회. 공격 시 상대 덱 맨 위 카드 뽑기.
Apostle,A_KISHA,Kisha,Battlecry: Change the background music.,2,2,3,Ghost,Bypass,true,false,,,,3,Kisha,키샤,Battlecry: Change the background music.,등장: 배경음악을 변경.
Apostle,A_LETHE,Lethe,Bypass. Battlecry: Silence a unit.,3,2,4,Ghost,Bypass,true,false,,,,3,Lethe,레테,Bypass. Battlecry: Silence a unit.,우회. 등장: 유닛 하나를 침묵.
Apostle,A_MAISON,Maison,Battlecry: Draw a Sari,3,3,1,Ghost,Bypass,true,false,,,,3,Maison,메이죵,Battlecry: Draw a Sari,등장: 사리를 1장 뽑기.
Apostle,A_CRIM,Rim (Chaos),Bypass. Battlecry: Set each other unit's ATK and HP randomly between the board's current lowest and highest stats.,5,6,2,Ghost,Bypass,true,false,,,,3,Rim (Chaos),림 (혼돈),Bypass. Battlecry: Set each other unit's ATK and HP randomly between the board's current lowest and highest stats.,우회. 등장: 다른 모든 유닛의 공격력·체력을 필드 최저~최고 스탯 사이의 무작위 값으로 설정.
Apostle,A_RIM,Rim,Bypass. Battlecry: Set every other unit's ATK and HP to the lowest current stat among all units.,5,2,6,Ghost,Bypass,true,false,,,,3,Rim,림,Bypass. Battlecry: Set every other unit's ATK and HP to the lowest current stat among all units.,우회. 등장: 다른 모든 유닛의 공격력·체력을 필드의 최저 스탯으로 설정.
Apostle,A_SARI,Sari,Battlecry: Draw a Veroo,3,2,2,Ghost,Bypass,true,false,,,,3,Sari,사리,Battlecry: Draw a Veroo,등장: 베루를 1장 뽑기.
Apostle,A_SELENE,Selene,Bypass. Taunt.,4,3,5,Ghost,Bypass;Taunt,true,false,,,,3,Selene,셀린,Bypass. Taunt.,우회. 도발.
Apostle,A_SHAYDIT,Shaydi(Twisted),Bypass. Battlecry: Swap the ATK and HP of all other units.,6,5,3,Ghost,Bypass,true,false,,,,3,Shaydi (Twisted),셰이디 (역전),Bypass. Battlecry: Swap the ATK and HP of all other units.,우회. 등장: 다른 모든 유닛의 공격력과 방어력을 교환.
Apostle,A_SHAYDI,Shaydi,Bypass. Battlecry: Randomize the ATK and HP of units.,6,3,5,Ghost,Bypass,true,false,,,,3,Shaydi,셰이디,Bypass. Battlecry: Randomize the ATK and HP of units.,우회. 등장: 유닛들의 공격력과 방어력을 무작위로 설정.
Apostle,A_SPEAKI,Speaki,Battlecry: Choose another unit. Copy its Attack and Health.,3,1,1,Ghost,Bypass,true,false,,,,3,Speaki,스피키,Battlecry: Choose another unit. Copy its Attack and Health.,등장: 다른 유닛의 공격력과 방어력을 복사.
Apostle,A_VELA,Vela,Battlecry: Transform a Minion into Pumpkin,3,2,1,Ghost,Bypass,true,false,,,,3,Vela,벨라,Battlecry: Transform a Minion into Pumpkin,등장: 유닛을 호박으로 변신.
Apostle,A_VEROO,Veroo,Battlecry: Draw a Maison,3,1,3,Ghost,Bypass,true,false,,,,3,Veroo,베루,Battlecry: Draw a Maison,등장: 메죵을 1장 뽑기.
Apostle,A_XION,xXionXx,Bypass. Battlecry: Deal 2 damage to a unit.,2,2,2,Ghost,Bypass,true,false,,,,3,Xion,시온,Bypass. Battlecry: Deal 2 damage to a unit.,우회. 등장: 유닛에게 피해 2.
Apostle,A_ASHUR,Ashur,Resonance: Create a Bread in your hand. ,4,3,4,Sprite,,true,false,,,,3,Ashur,에슈르,Resonance: Create a Bread in your hand.,공명: 빵을 패에 생성.
Apostle,A_CHLOE,Chloe,Battlecry: Summon a Sebastian,5,3,3,Sprite,,true,false,,,,3,Chloe,클로에,Battlecry: Summon a Sebastian,등장: 세바스찬 소환.
Apostle,A_CMAYO,Mayo (Cool),"Rush, Taunt",5,3,6,Sprite,Rush;Taunt,true,false,,,,3,Mayo (Cool),마요 (멋짐),"Rush, Taunt",속공. 도발.
Apostle,A_ERPIN,Erpin,Battlecry: Cast all Bread in hand to self. ,5,3,4,Sprite,,true,false,,,,3,Erpin,에르핀,Battlecry: Cast all Bread in hand to self.,등장: 패의 모든 빵을 자신에게 시전.
Apostle,A_JOANNE,Joanne,Battlecry: Create 2 Bread in Hand. ,4,3,5,Sprite,,true,false,,,,3,Joanne,죠안,Battlecry: Create 2 Bread in Hand.,등장: 빵 2장을 패에 생성.
Apostle,A_KAREN,Karen,On Damage Taken: Summon a Carrot,3,2,4,Sprite,,true,false,,,,3,Karen,카렌,On Damage Taken: Summon a Carrot,피해 시 당근 1개 소환.
Apostle,A_KYAROT,Kyarot,Battlecry: Buff all Friendly Vegetables by +2/+2,4,3,4,Sprite,Rush;Taunt,true,false,,,,4,Kyarot,캬롯,Battlecry: Buff all Friendly Vegetables by +2/+2,등장: 모든 아군 채소에게 +2/+2 부여.
Apostle,A_KYURI,Kyuri,All cucumbers have 5/2 statline,5,5,2,Sprite,,true,false,,,,3,Kyuri,큐리,All cucumbers have 5/2 statline,모든 오이의 공격력·체력은 5/2.
Apostle,A_MARIE,Marie,Battlecry: Shuffle 3 Bombs into Opponent's Deck,3,3,3,Sprite,,true,false,,,,3,Marie,마리,Battlecry: Shuffle 3 Bombs into Opponent's Deck,등장: 폭탄 3장을 상대 덱에 섞기.
Apostle,A_MAYO,Mayo,Battlecry: Create a random Artifact in your hand. ,3,2,4,Sprite,,true,false,,,,3,Mayo,마요,Battlecry: Create a random Artifact in your hand.,등장: 무작위 아티팩트 하나를 패에 생성.
Apostle,A_NERE,Nere,Your sprites have +1 Health,4,3,3,Sprite,,true,false,,,,3,Nere,네르,Your sprites have +1 Health,아군 요정 방어 +1.
Apostle,A_PATRA,Patra,Battlecry: Create a Mint Bread in your hand. ,3,3,2,Sprite,,true,false,,,,3,Patra,파트라,Battlecry: Create a Mint Bread in your hand.,등장: 민트빵을 패에 생성.
Apostle,A_POLANG,Polang,Battlecry: Summon 3 Sprite Soldiers,6,3,4,Sprite,,true,false,,,,3,Polang,폴랑,Battlecry: Summon 3 Sprite Soldiers,등장: 요정 병사 3명 소환.
Apostle,A_RICOTA,Ricota,"At the end of the turn, create a Bread in your hand",3,2,3,Sprite,,true,false,,,,3,Ricota,리코타,"At the end of the turn, create a Bread in your hand",턴 종료: 빵을 패에 생성.
Apostle,A_RONNIE,Ronnie,Deathrattle: Create a Broken Recorder in your hand.,3,4,3,Sprite,,true,false,,,,3,Ronnie,로니,Deathrattle: Create a Broken Recorder in your hand.,퇴장: 망가진 녹음기를 패에 생성.
Apostle,A_SASHA,Sasha,Battlecry: Create a Tumbler in your hand. ,4,3,3,Sprite,,true,false,,,,3,Sasha,사샤,Battlecry: Create a Tumbler in your hand.,등장: 텀블러를 패에 생성.
Apostle,A_SHUPANG,Shupang,"Battlecry: Draw 1 Card
At the end of turn, return to hand. ",3,2,1,Sprite,Rush,true,false,,,,3,Shupang,슈팡,"Battlecry: Draw 1 Card At the end of turn, return to hand.",등장: 카드 1장 뽑기. 턴 종료: 패로 복귀.
Apostle,A_SKIA,Skia,Battlecry: Create a Vow of Silence in your hand,4,3,4,Sprite,,true,false,,,,3,Skia,스키아,Battlecry: Create a Vow of Silence in your hand,등장: 침묵의 수행을 패에 생성.
Apostle,A_ASANA,Asana,Resonance: Restore 1 Health to Asana and give her +1 Attack.,3,3,4,Witch,,true,false,,,,3,Asana,아사나,Resonance: Restore 1 Health to Asana and give her +1 Attack.,공명: 자신 체력 1 회복 및 공격 +1.
Apostle,A_AYA,Aya,"Resonance: After every 3rd spell you cast while Aya is on field, draw a card.",1,1,2,Witch,,true,false,,,,3,Aya,아야,"Resonance: After every 3rd spell you cast while Aya is on field, draw a card.",공명: 필드에 있는 동안 마법 3번 사용마다 카드 1장 뽑기.
Apostle,A_BELITA,Belita,Passive: Your Spells cost 1 less.,6,4,6,Witch,,true,false,,,,3,Belita,벨리타,Passive: Your Spells cost 1 less.,내 마법 비용 -1.
Apostle,A_LEVI,Levi,"Gains a Study counter whenever you cast a spell. At 5, Graduate.",2,2,3,Witch,,true,false,,,,3,Levi,레비,"Gains a Study counter whenever you cast a spell. At 5, Graduate.",마법을 사용할 때마다 학습 카운터 획득. 5개가 되면 졸업.
Apostle,A_MAKASHA,마카샤,등장: 「이히히~」 3장을 패에 생성합니다.,3,2,2,Witch,,true,false,,,,3,Makasha,마카샤,Battlecry: Create 3 Makasha's Laugh cards in your hand.,등장: 「이히히~」 3장을 패에 생성.
Apostle,A_PICORA,Picora,Battlecry and Turn End: Create a random Sticker that grants a keyword.,4,3,4,Witch,,true,false,,,,3,Picora,피코라,Battlecry and Turn End: Create a random Sticker that grants a keyword.,등장/턴 종료: 키워드를 부여하는 무작위 스티커 생성.
Apostle,A_POSHER,Posher,Battlecry: Create a random Potion.,3,2,4,Witch,,true,false,,,,3,Posher,포셔,Battlecry: Create a random Potion.,등장: 무작위 포션 1개 생성.
Apostle,A_PRICKLE,Prickle,공명: 상대 플레이어에게 피해를 1 줍니다.,3,2,4,Witch,,true,false,,,,3,Prickle,프리클,Resonance: Deal 1 damage to the enemy player.,공명: 적 영웅에게 피해 1.
Apostle,A_ROULETTE,Roulette,Battlecry: Spin the Roulette. Apply the same random result to both players.,5,4,5,Witch,,true,false,,,,3,Roulette,롤렛,Battlecry: Spin the Roulette. Apply the same random result to both players.,등장: 룰렛을 돌리기. 양 플레이어에게 같은 무작위 결과를 적용.
Apostle,A_SHERUM,Sherum,Every third Resonance: Create a copy of the last Spell you cast.,4,3,5,Witch,,true,false,,,,3,Sherum,셰럼,Every third Resonance: Create a copy of the last Spell you cast.,공명 3회마다 마지막으로 쓴 마법 복사.
Apostle,A_SNORKI,Snorki,,5,7,7,Witch,,true,false,,,,3,Snorki,스노키,,
Apostle,A_VARIE,Varie,Battlecry: Return up to 2 random Spells from your Graveyard to your hand.,5,3,6,Witch,,true,false,,,,3,Varie,바리에,Battlecry: Return up to 2 random Spells from your Graveyard to your hand.,등장: 내 무덤에서 무작위 마법을 최대 2장 패로 되돌리기.
Apostle,A_VELVET,Velvet,Resonance: Gain +1 Attack.,4,4,4,Witch,,true,false,,,,3,Velvet,벨벳,Resonance: Gain +1 Attack.,공명: 공격 +1 획득.
Artifact,AR_BSTAFF,BelitaStaff,Belita'sStaff,2,,,,,true,false,1,1,,,Belita’s Staff,벨리타의 지팡이,The equipped Apostle's abilities deal 1 additional damage to enemies.,장착자의 능력이 적에게 주는 피해 +1.
Artifact,AR_BRECORDER,Broken Recorder,Give -2 Health to enemy,0,,,,,false,false,0,-2,,,Broken Recorder,부서진 리코더,Give -2 Health to enemy,적에게 방어 -2 부여.
Artifact,AR_IFRITSWORD,Ifrit's Sword,"If none holds the sword, Ifrit comes back to find it",4,,,,,true,false,2,2,,,Ifrit’s Sword,이프리트의 검,"If none holds the sword, Ifrit comes back to find it",아무도 검을 보유하지 않으면 이프리트가 검을 찾으러 복귀.
Artifact,AR_NERFLAG,NerFlag,장착되어 있는 동안 다른 모든 아군 유닛에게 +1/+1을 부여합니다.,3,,,,,true,false,0,0,,,Nere’s Flag,네르의 깃발,"While equipped, other allied units +1/+1.",장착 중 다른 모든 아군 +1/+1.
Monster,M_SCARFGON,Scarfgon,Battlecry: Deal 1 Damage,1,1,1,Sprite,Stealth,true,false,,,,,Scarfgon,스카프곤,Stealth. Battlecry: Deal 1 damage to a target.,은신. 등장: 대상에게 피해 1.
Monster,M_DRONE,Drone,Stealth,3,5,1,Sprite,Stealth,true,false,,,,,Drone,드론,Stealth,은신.
Monster,M_FRIDGE,Frostnova Fridge Unit,,3,1,5,Sprite,,false,false,,,,,Frostnova Fridge Unit,프로스트노바 냉동유닛,,
Monster,M_SEBASTIAN,Sebastian,Taunt,4,0,8,Sprite,Taunt,false,false,,,,,,,Taunt,도발.
Monster,M_SPRITESOLDIER,Sprite Soldier,,1,1,1,Sprite,,true,false,,,,,Sprite Soldier,요정 병사,,
Monster,M_CUCUMBER,Cucumber,Rush,1,1,1,Vegetable,Rush,false,false,,,,,Cucumber,오이,Rush,속공.
Monster,M_PUMPKIN,Pumpkin,Bypass,1,1,1,Sprite,Bypass,false,false,,,,,Pumpkin,호박,Bypass,우회.
Spell,S_BOMB,Bomb,뽑으면 폭발합니다.,0,,,,,false,false,,,,,Bomb,폭탄,Explodes when drawn.,뽑으면 폭발.
Spell,S_BREAD,Bread,Buff a unit by +1/+1,1,,,,,false,false,,,,,Bread,빵,Buff a unit by +1/+1,유닛에게 +1/+1 부여.
Spell,S_FARM,Farm,,1,,,,,true,false,,,,,Farm,농사짓기,,
Spell,S_MAKASHA,MakashasLaugh,Makes Makasha Laugh Noise,0,,,,,false,false,,,,,Ehehe,이히히,Makes Makasha Laugh Noise,마카샤의 웃음소리를 재생.
"Spell","S_MOW","Master of Weapon","아군 유닛 하나에게 ""공격할 때마다 +1/+1을 얻습니다.""를 부여합니다.","1","","","","","true","false","","","","","Master of Weapon","무기의 달인","Give a friendly unit ""Whenever this unit attacks, gain +1/+1.""","아군 유닛 하나에게 ""공격할 때마다 +1/+1을 얻습니다.""를 부여합니다."
Spell,S_MINT,Mint Bread,Deal 2 Damage,1,,,,,false,false,,,,,Mint,민트,Deal 2 Damage,피해 2.
Spell,S_COIN,RandomCoin,Increase Max Mana by 1,2,,,,,true,false,,,,,Random Coin,랜덤코인,Increase Max Mana by 1,최대 마나가 1 증가.
Spell,S_TUMBLR,Bounce,Bounce a Card Back to hand,0,,,,,false,false,,,,,Tumbler,텀플러,Bounce a Card Back to hand,카드 하나를 패로 되돌리기.
Spell,S_VOW,Vow of Silence,Silence a Unit,0,,,,,false,false,,,,,Vow of Silence,침묵의 수행,Silence a Unit,유닛 하나를 침묵.
Spell,S_HEALTH_BOOST,체력 증진,내 플레이어의 최대 체력을 3 늘리고 체력을 3 회복합니다.,3,,,,,true,false,,,,,,체력 증진,Increase your player's maximum Health by 3 and restore 3 Health.,내 영웅 최대 체력 +3. 체력 3 회복.
Spell,S_SELF_IMPROVEMENT,자기 계발,아군 유닛 하나에게 +1/+1을 부여합니다.,1,,,,,true,false,,,,,,자기 계발,Give a friendly unit +1/+1.,아군 유닛에게 +1/+1 부여.
Spell,S_HEALTHY_BODY,건강한 신체,아군 유닛 하나에게 +2/+2를 부여합니다.,2,,,,,true,false,,,,,,건강한 신체,Give a friendly unit +2/+2.,아군 유닛에게 +2/+2 부여.
Spell,S_AFTERIMAGE,그건 내 잔상,아군 유닛 하나의 능력과 키워드를 가진 1/1 복사본을 소환합니다.,2,,,,,true,false,,,,,,그건 내 잔상,"Summon a 1/1 copy of a friendly unit, retaining its abilities and keywords.",아군 유닛의 능력·키워드를 가진 1/1 복사본 소환.
Spell,S_SODA_CAPSULE,소다맛 캡슐,이번 턴 아군 유닛 하나에게 방어 +3을 부여합니다.,1,,,,,true,false,,,,,,소다맛 캡슐,Give a friendly unit +3 Health this turn.,이번 턴 아군 유닛에게 방어 +3 부여.
Spell,S_STRAWBERRY_CAPSULE,딸기맛 캡슐,이번 턴 아군 유닛 하나에게 공격 +3을 부여합니다.,1,,,,,true,false,,,,,,딸기맛 캡슐,Give a friendly unit +3 Attack this turn.,이번 턴 아군 유닛에게 공격 +3 부여.
Spell,S_APPRENTICE_MAGE,견습마법사,적 유닛 하나 또는 상대 플레이어에게 피해를 3 줍니다.,3,,,,,true,false,,,,,,견습마법사,Deal 3 damage to an enemy unit or the enemy player.,적 유닛 또는 적 영웅에게 피해 3.
Spell,S_EARLY_LEAVE,조기 퇴근,아군 유닛 하나를 패로 되돌리고 그 카드의 비용을 1 줄입니다.,1,,,,,true,false,,,,,,조기 퇴근,Return a friendly unit to your hand and reduce its cost by 1.,아군 유닛 하나를 패로 되돌리고 그 카드의 비용 -1.
Spell,S_PROMOTION,신분 상승,아군 몬스터 하나에게 +2/+2를 부여합니다.,2,,,,,true,false,,,,,,신분 상승,Give a friendly Monster +2/+2.,아군 몬스터 하나에게 +2/+2 부여.
Spell,S_PERSONAL_TRAINING,개인 트레이닝,아군 사도 하나에게 +1/+2를 부여합니다.,2,,,,,true,false,,,,,,개인 트레이닝,Give a friendly Apostle +1/+2.,아군 사도 하나에게 +1/+2 부여.
Spell,S_CRITICAL_STRIKE,회심의 일격,이번 턴 아군 유닛 하나에게 공격 +3을 부여합니다.,2,,,,,true,false,,,,,,회심의 일격,Give a friendly unit +3 Attack this turn.,이번 턴 아군 유닛에게 공격 +3 부여.
Spell,S_FEAT_OF_STRENGTH,차력 시범,아군 유닛 하나를 선택합니다. 그 유닛의 방어력만큼 무작위 적 유닛 하나에게 피해를 줍니다.,2,,,,,true,false,,,,,,차력 시범,Choose a friendly unit. Deal damage equal to its defense to a random enemy unit.,선택한 아군의 방어력만큼 무작위 적 유닛에게 피해.
Spell,S_IGNORE_WEAK,약자 무시,공격력이 3 이하인 유닛 하나를 처치합니다.,2,,,,,true,false,,,,,,약자 무시,Destroy a unit with 3 or less Attack.,공격력이 3 이하인 유닛 하나를 처치합니다.
Spell,S_SCHOLAR,학자,카드를 2장 뽑습니다.,3,,,,,true,false,,,,,,학자,Draw 2 cards.,카드 2장 뽑기.
Spell,S_GET_THAT_ONE,저놈을 잡아라,적 유닛 하나를 지정합니다. 이번 턴 그 유닛을 공격하는 아군은 공격 +2를 얻습니다.,1,,,,,true,false,,,,,,저놈을 잡아라,"Choose an enemy unit. This turn, friendly units gain +2 Attack when attacking it.",적 유닛 지정. 이번 턴 그 유닛을 공격하는 아군 공격 +2.
Spell,S_ENDURE,방탄불괴,아군 유닛 하나에게 참기를 부여합니다. 침묵으로 제거할 수 있습니다.,2,,,,,true,false,,,,,,방탄불괴,Give a friendly unit Endure. This grant can be silenced.,아군 유닛 참기 획득. 침묵으로 제거 가능.
Spell,S_THREAD_OF_REASON,이성의 끈,아군 유닛 하나를 침묵시킨 후 그 유닛의 체력을 3 회복합니다.,2,,,,,true,false,,,,,,이성의 끈,"Silence a friendly unit, then restore 3 Health to it.",아군 유닛 침묵 후 체력 3 회복.
Spell,S_OPEN_RUN,오픈런,이번 턴 다음으로 사용하는 카드의 비용이 2 감소합니다.,2,,,,,true,false,,,,,,오픈런,The next card you use this turn costs 2 less.,이번 턴 다음 카드 비용 -2.
Spell,S_MEMBERSHIP_CARD,멤버십 카드,패의 카드 하나를 선택하여 비용을 영구적으로 2 줄입니다.,1,,,,,true,false,,,,,,멤버십 카드,Choose a card in your hand and permanently reduce its cost by 2.,선택한 패 카드의 비용 영구 -2.
Spell,S_FINAL_SPRINT,막판 스퍼트,이번 턴 아군 유닛 하나에게 +4/+4와 Rush를 부여합니다. 턴 종료 시 그 유닛을 파괴합니다.,2,,,,,true,false,,,,,,막판 스퍼트,Give a friendly unit +4/+4 and Rush this turn. Destroy it at the end of the turn.,이번 턴 아군 유닛 +4/+4 및 속공. 턴 종료: 해당 유닛 파괴.
Spell,S_EFFICIENT_RECOVERY,효율적인 회복,모든 아군 유닛의 체력을 2 회복합니다.,3,,,,,true,false,,,,,,효율적인 회복,Restore 2 Health to all friendly units.,모든 아군 유닛의 체력 2 회복.
Spell,S_WARM_HEART,따뜻한 마음씨,유닛 하나 또는 플레이어의 체력을 5 회복합니다.,2,,,,,true,false,,,,,,따뜻한 마음씨,Restore 5 Health to a unit or player.,유닛 또는 플레이어의 체력 5 회복.
Spell,S_TAKE_HITS_PAINLESSLY,안 아프게 맞는 법,모든 아군 유닛에게 참기를 부여합니다. 침묵으로 제거할 수 있습니다.,4,,,,,true,false,,,,,,안 아프게 맞는 법,Give all friendly units Endure. These grants can be silenced.,모든 아군 참기 획득. 침묵으로 제거 가능.
Spell,S_REAR_GUARD,후발대,가장 오른쪽 아군 유닛에게 +1/+3을 부여합니다.,1,,,,,true,false,,,,,,후발대,Give your rightmost unit +1/+3.,맨 오른쪽 아군 유닛에게 +1/+3 부여.
Spell,S_CENTER_GOOD,중앙 GOOD,중앙에 가장 가까운 아군 유닛에게 +2/+2를 부여합니다.,1,,,,,true,false,,,,,,중앙 GOOD,Give the friendly unit closest to the center of your field +2/+2.,중앙에 가장 가까운 아군 유닛에게 +2/+2 부여.
Spell,S_VANGUARD,선봉대,가장 왼쪽 아군 유닛에게 +3/+1을 부여합니다.,1,,,,,true,false,,,,,,선봉대,Give your leftmost unit +3/+1.,맨 왼쪽 아군 유닛에게 +3/+1 부여.
Spell,S_MORALE_BOOST,사기진작,모든 아군 유닛이 각각 무작위 적 유닛 하나를 강제 공격합니다.,5,,,,,true,false,,,,,,사기진작,Each friendly unit is forced to attack a random enemy unit.,모든 아군이 각각 무작위 적 유닛을 강제 공격.
Spell,S_SURPRISE_BOX,깜짝 상자,무작위 마법 5개를 각각 무작위 유효 대상에게 시전합니다.,7,,,,,true,false,,,,,,깜짝 상자,"Cast 5 random spells, each at a random valid target.",무작위 마법 5개를 각각 무작위 유효 대상에게 시전.
Spell,S_PASTEL_PICNIC,파스텔 빛 소풍,모든 아군 유닛을 패로 되돌립니다. 이렇게 돌아온 카드들의 비용이 1 감소합니다.,3,,,,,true,false,,,,,,파스텔 빛 소풍,Return all friendly units to your hand. Reduce the cost of each returned card by 1.,모든 아군을 패로 되돌리기. 돌아온 카드 비용 -1.
Spell,S_MEDITATION_TIME,명상의 시간,다음 내 턴 시작 전까지 모든 유닛은 공격할 수 없습니다.,3,,,,,true,false,,,,,,명상의 시간,All units cannot attack until the beginning of your next turn.,다음 내 턴 시작까지 모든 유닛 공격 불가.
Spell,S_AROMATHERAPY,아로마 테라피,모든 유닛의 체력을 최대 체력까지 회복합니다.,4,,,,,true,false,,,,,,아로마 테라피,Restore all units to full Health.,모든 유닛 체력 완전 회복.
Spell,S_SLEEVE_IN,소매 넣기,패의 아티팩트 하나를 선택하여 비용을 지불하지 않고 아군 사도 하나에게 장착합니다.,2,,,,,true,false,,,,,,소매 넣기,Choose an Artifact in your hand and equip it to a friendly Apostle without paying its cost.,패의 아티팩트를 선택한 아군 사도에게 무료 장착.
"Spell","S_SUSPICIOUS_POTION","수상한 물약","포셔의 세 가지 포션 중 무작위 하나를 패에 생성합니다.","1","","","","","true","false","","","","","","수상한 물약","Create a random potion from Posher's three-potion pool in your hand.","포셔의 세 가지 포션 중 무작위 하나를 패에 생성합니다."
Spell,S_GROUP_PROMOTION,단체 월반,,5,,,,,true,false,,,,,,단체 월반,,
Spell,S_MASTER_OF_COMBAT,전투의 달인,이번 턴 아군 유닛 하나가 적을 처치할 때마다 다시 공격할 수 있습니다.,4,,,,,true,false,,,,,,전투의 달인,Give a friendly unit the ability to attack again each time it kills an enemy this turn.,이번 턴 선택한 아군은 적 처치 시 재공격 가능.
Spell,S_TACTICAL_MANUAL,전술 교본,아군 유닛 하나의 공격력과 방어력을 바꿉니다. 이번 턴 그 유닛에게 Rush를 부여합니다.,3,,,,,true,false,,,,,,전술 교본,Swap a friendly unit's Attack and defense. Give it Rush this turn.,아군 유닛의 공격력·방어력 교환. 이번 턴 속공 획득.
Artifact,AR_ERPIN_STAFF,에르핀의 지팡이,,2,,,,,true,false,2,2,,,,에르핀의 지팡이,,
Artifact,AR_SYLA_WIND_ARROW,실라의 바람살,장착자가 공격할 때 상대 플레이어에게 피해를 1 줍니다.,3,,,,,true,false,2,0,,,,실라의 바람살,"When the equipped Apostle attacks, deal 1 damage to the enemy player.",장착자 공격 시 적 영웅에게 피해 1.
Artifact,AR_SHAYDI_CHAIN_SCYTHE,셰이디의 차원사슬낫,장착자가 적 유닛을 처치하면 그 유닛의 1/1 복사본을 내 패에 생성합니다.,5,,,,,true,false,3,1,,,,셰이디의 차원사슬낫,"After the equipped Apostle kills an enemy unit, create a 1/1 copy of that unit in your hand with its abilities and keywords.",장착자가 적 유닛을 처치하면 그 유닛의 1/1 복사본을 패에 생성.
Artifact,AR_DAYA_CUTTER,다야의 다이아몬드 커터,장착자가 공격할 때 이번 전투 동안 대상의 참기와 Taunt를 무시합니다.,4,,,,,true,false,3,2,,,,다야의 다이아몬드 커터,"When the equipped Apostle attacks, ignore the target's Endure and Taunt for that combat.",장착자 공격 시 이번 전투 동안 대상의 참기·도발 무시.
Artifact,AR_RIM_SCYTHE,림의 낫,장착자가 피해를 준 적 유닛을 얼립니다.,4,,,,,true,false,2,1,,,,림의 낫,Freeze enemy units damaged by the equipped Apostle.,장착자가 피해를 준 적 유닛을 빙결.
Artifact,AR_AMELIA_EPAD,아멜리아의 E-Pad 클래식,아군 기계가 등장하면 장착자에게 +1/+1을 부여합니다.,3,,,,,true,false,1,2,,,,아멜리아의 E-Pad 클래식,"When a friendly Machine enters the battlefield, give the equipped Apostle +1/+1.",아군 기계가 등장하면 장착자에게 +1/+1 부여.
Artifact,AR_BLANCHE_BLUEBIRD,블랑셰의 유리 파랑새,장착자의 공격력 또는 방어력이 변경될 때 변경된 수치 중 더 높은 쪽에 1을 추가합니다.,3,,,,,true,false,1,1,,,,블랑셰의 유리 파랑새,"When the equipped Apostle's Attack or defense changes, add 1 to the higher changed value.",장착자 스탯 변경 시 변경된 공격력·방어력 중 높은 쪽 +1.
Artifact,AR_RITZ_EARTHBREAKER,리츠의 대지 뽀개기,장착자가 공격할 때 이번 전투 동안 방어력 절반을 공격력에 추가합니다.,4,,,,,true,false,3,0,,,,리츠의 대지 뽀개기,"During the equipped Apostle's attack, add half its defense to attack for that combat.",장착자 공격 시 이번 전투 동안 방어력 절반을 공격력에 추가.
Artifact,AR_LEVI_DAGGER,레비의 단도,장착자가 공격하여 피해를 주면 마법을 1장 뽑습니다. 턴당 1회 발동합니다.,2,,,,,true,false,2,0,,,,레비의 단도,"After the equipped Apostle attacks and deals damage, draw 1 Spell. Once per turn.",장착자가 공격으로 피해를 주면 마법 1장 뽑기. 턴당 1회.
Artifact,AR_BUTTER_YELLOW_CARD,버터의 옐로카드,장착자에게 참기를 부여합니다.,2,,,,,true,false,0,2,Endure,,,버터의 옐로카드,The equipped Apostle gains Endure.,장착자에게 참기 부여.
Artifact,AR_HILDE_UNIFORM,힐데의 간호복,내 턴 종료 시 장착자의 체력을 2 회복합니다.,3,,,,,true,false,0,3,,,,힐데의 간호복,Heal the equipped Apostle 2 at its controller's turn end.,내 턴 종료: 장착자의 체력 2 회복.
Artifact,AR_CLEAR_WEATHER,날씨는 맑음 카드,장착자가 얼거나 침묵될 때 그 상태를 한 번 무효화하고 이 아티팩트를 파괴합니다.,2,,,,,true,false,1,1,,,,날씨는 맑음 카드,"Prevent the first Freeze or Silence applied to the equipped Apostle, then destroy this Artifact.",장착자의 첫 빙결/침묵 무효화 후 이 아티팩트 파괴.
Artifact,AR_ELDAIN_LAMP,엘다인 램프,장착 시 장착자의 등장 효과를 다시 발동합니다.,4,,,,,true,false,1,2,,,,엘다인 램프,"On equip, replay the equipped Apostle's Battlecry if present.",장착 시 장착자의 등장 효과를 다시 발동.
Artifact,AR_LIFE_GEM,생명의 보석,장착자의 최대 체력과 현재 체력이 4 증가합니다.,3,,,,,true,false,0,4,,,,생명의 보석,Increase the equipped Apostle's maximum and current Health by 4.,장착자의 최대·현재 체력 +4.
Artifact,AR_SOFT_VEST,말랑말랑한 조끼,매 턴 장착자가 받는 첫 피해를 2 줄입니다.,2,,,,,true,false,0,3,,,,말랑말랑한 조끼,Reduce the first damage the equipped Apostle takes each turn by 2.,매 턴 장착자의 첫 피해 -2.
Artifact,AR_ASSASSIN_MANUAL,암살자의 비급,장착자에게 Bypass를 부여합니다.,3,,,,,true,false,3,0,Bypass,,,암살자의 비급,The equipped Apostle gains Bypass.,장착자에게 우회 부여.
Artifact,AR_30KG_KETTLEBELL,30KG 케틀벨,장착자는 Rush를 잃고 장착한 턴에는 공격할 수 없습니다.,2,,,,,true,false,3,2,,,,30KG 케틀벨,The equipped Apostle loses Rush and cannot attack on the turn this Artifact is equipped.,장착자 속공 제거. 장착한 턴 공격 불가.
Artifact,AR_FURNACE_SWORD,용광검,장착자가 공격할 때 전투 전에 공격 대상에게 피해를 1 줍니다.,4,,,,,true,false,4,0,,,,용광검,"Before the equipped Apostle attacks, deal 1 damage to its attack target.",장착자 공격 전 대상에게 피해 1.
Artifact,AR_RUSTY_RED_SWORD,녹슨 붉은검,,1,,,,,true,false,3,-1,,,,녹슨 붉은검,,
Artifact,AR_GROWTH_POTION,거대화 물약 (artifact),장착 시 장착자의 최대 체력과 현재 체력을 2배로 만듭니다.,5,,,,,true,false,0,0,,,,거대화 물약 (artifact),"When equipped, double the equipped Apostle's maximum and current Health.",장착 시 장착자의 최대·현재 체력 ×2.
Artifact,AR_SHUSHUSHUK_GLOVE,슈슈슈슉 글러브,장착자가 적 유닛을 처치하면 다시 공격할 수 있습니다.,4,,,,,true,false,2,0,,,,슈슈슈슉 글러브,The equipped Apostle may attack again after killing an enemy unit.,장착자가 적 유닛을 처치하면 재공격 가능.
Artifact,AR_VOLCANICA_JUICE,볼케니카 특산 과일 주스,장착 시 장착자의 체력을 최대 체력까지 회복합니다.,2,,,,,true,false,1,2,,,,볼케니카 특산 과일 주스,"On equip, restore the equipped Apostle to maximum HP after stat bonus.",장착 시 장착자 체력 완전 회복.
Artifact,AR_RISTI_CONTROLLER,리스티의 게임 컨트롤러,내 턴 종료 시 상대 덱 맨 위 카드를 보고 맨 위에 두거나 맨 아래로 옮깁니다.,3,,,,,true,false,1,1,,,,리스티의 게임 컨트롤러,"At the end of your turn, view opponent's top card, choose to leave on top or move to bottom.",내 턴 종료: 상대 덱 맨 위 카드를 보고 맨 위에 두거나 맨 아래로 이동.
Artifact,AR_TECH_BATTERY,마도공학 배터리,내 턴에 처음 마법을 사용할 때 마나를 1 회복합니다.,4,,,,,true,false,1,1,,,,마도공학 배터리,The first Spell you use on your turn restores 1 Mana.,내 턴에 처음 마법을 사용할 때 마나 1 회복.
Artifact,AR_NETTY_RECORD,네티의 발굴기록서,장착자에게 다른 아티팩트를 장착하면 장착자에게 +1/+1을 부여합니다.,3,,,,,true,false,1,3,,,,네티의 발굴기록서,"When another Artifact is equipped to the equipped Apostle, give it +1/+1.",장착자에게 다른 아티팩트를 장착하면 장착자에게 +1/+1 부여.
Artifact,AR_PRICKLE_SEAL,프리클의 여왕 대리 인장,장착자의 효과가 상대 플레이어에게 피해를 주면 추가로 피해를 1 줍니다.,4,,,,,true,false,1,2,,,,프리클의 여왕 대리 인장,"After the equipped Apostle's effect damages the enemy player, deal 1 additional damage to that player.",장착자의 효과가 적 영웅에게 피해를 주면 추가로 피해 1.
Artifact,AR_RUDD_TRAINING_BOOK,루드의 운동교본,내 턴 종료 시 장착자에게 +1/+1을 부여합니다.,3,,,,,true,false,1,1,,,,루드의 운동교본,"At the end of your turn, give the equipped Apostle +1/+1.",내 턴 종료: 장착자에게 +1/+1 부여.
Artifact,AR_SELENE_MIRAGE,셀리네의 미드나잇 미라주,장착자가 죽으면 패로 돌아옵니다. 이 아티팩트는 파괴됩니다.,4,,,,,true,false,2,2,,,,셀리네의 미드나잇 미라주,"When the equipped Apostle dies, return it to your hand and destroy this Artifact.",장착자 사망 시 패로 복귀 후 이 아티팩트 파괴.
Artifact,AR_KYAROT_SUGARCANE,캬롯의 사탕수수,장착자가 공격하면 Bypass를 가진 1/1 당근 하나를 소환합니다.,3,,,,,true,false,2,1,,,,캬롯의 사탕수수,"When the equipped Apostle attacks, summon a 1/1 Carrot with Bypass.",장착자가 공격하면 우회를 가진 1/1 당근 1개 소환.
Artifact,AR_JADE_PEN,제이드의 비싼 만년필,장착자가 피해를 받은 내 턴의 종료 시 카드를 1장 뽑습니다.,3,,,,,true,false,0,3,,,,제이드의 비싼 만년필,"At the end of your turn, draw 1 card if the equipped Apostle took damage during that turn.",내 턴 종료: 이번 턴 장착자가 피해를 받았다면 카드 1장 뽑기.
Artifact,AR_KOMI_PILLOW,코미의 베개,이번 턴 장착자가 공격하지 않았다면 내 턴 종료 시 장착자의 체력을 2 회복합니다.,2,,,,,true,false,0,3,,,,코미의 베개,"At the end of your turn, if the equipped Apostle has not attacked this turn, heal it for 2.",내 턴 종료: 장착자가 공격하지 않았다면 체력 2 회복.
Artifact,AR_GOBLIN_HOOD,도깨비감투,장착자에게 Bypass를 부여합니다. 상대 플레이어를 공격한 뒤 장착자는 패로 돌아옵니다.,3,,,,,true,false,1,1,,,,도깨비감투,"The equipped Apostle gains Bypass. After it attacks the enemy player, return it to your hand.",장착자 우회 획득. 적 영웅 공격 후 패로 복귀.
Artifact,AR_CHALICE_OF_PRAYER,기원의 성배,장착자가 죽으면 내 플레이어의 체력을 5 회복하고 카드를 1장 뽑습니다.,5,,,,,true,false,0,3,,,,기원의 성배,"When the equipped Apostle dies, restore 5 Health to your player and draw 1 card.",장착자 사망 시 내 영웅 체력 5 회복 및 카드 1장 뽑기.
Artifact,AR_JADE_SPELLBOOK,옥빛 마법서,장착자가 필드에 있는 동안 매 턴 처음 사용하는 마법의 비용이 1 감소합니다.,3,,,,,true,false,0,2,,,,옥빛 마법서,"While the equipped Apostle is on field, first friendly spell each turn costs 1 less.",장착자가 필드에 있는 동안 매 턴 첫 마법 비용 -1.
Artifact,AR_SHARP_STAFF,날카로운 지팡이,장착자의 효과로 주는 피해가 1 증가합니다.,2,,,,,true,false,3,0,,,,날카로운 지팡이,The equipped Apostle's effects deal +1 damage.,장착자의 효과 피해 +1.
Artifact,AR_GOLDEN_CROWN,황금 왕관,다른 아군 유닛에게 공격 +1을 부여합니다.,5,,,,,true,false,2,3,,,,황금 왕관,"While equipped, other friendly units gain +1 attack.",장착 중 다른 아군 공격 +1.
Artifact,AR_COMBAT_MANUAL,전투 지침서,장착자가 적 유닛을 공격할 때 이번 전투 동안 공격 +2를 얻습니다.,3,,,,,true,false,2,1,,,,전투 지침서,The equipped Apostle gains +2 attack for combat when attacking an enemy unit.,장착자가 적 유닛을 공격하는 전투 동안 공격 +2.
Artifact,AR_HEALING_PENDANT,치유의 팬던트,내 턴 종료 시 장착자의 체력을 1 회복합니다.,2,,,,,true,false,0,2,,,,치유의 팬던트,"At the end of your turn, heal the equipped Apostle 1.",내 턴 종료: 장착자의 체력 1 회복.
Artifact,AR_BLESSED_PAULDRON,축복받은 견갑,장착자에게 Taunt를 부여합니다.,3,,,,,true,false,1,3,Taunt,,,축복받은 견갑,The equipped Apostle gains Taunt.,장착자에게 도발 부여.
Artifact,AR_PENITENT_MACE,참회의 메이스,장착자가 적 유닛에게 피해를 주면 그 유닛의 공격력이 1 감소합니다.,3,,,,,true,false,3,1,,,,참회의 메이스,"After the equipped Apostle damages an enemy unit, that unit gets -1 attack.",장착자가 적 유닛에게 피해를 주면 그 유닛의 공격력이 1 감소.
Artifact,AR_EMERGENCY_BELT,긴급 보호 벨트,장착자가 처음으로 죽을 피해를 받으면 체력 1로 생존하고 이 아티팩트를 파괴합니다.,3,,,,,true,false,0,2,,,,긴급 보호 벨트,"First would-be lethal damage to the equipped Apostle leaves it at 1 HP, then destroys this artifact.",장착자의 첫 치명적 피해 시 체력 1로 생존 후 이 아티팩트 파괴.
Artifact,AR_PRIEST_INCENSE,제사장의 향로,내 턴 종료 시 다른 모든 아군 유닛의 체력을 1 회복합니다.,4,,,,,true,false,0,2,,,,제사장의 향로,"At the end of your turn, heal every other friendly unit 1.",내 턴 종료: 다른 모든 아군 유닛의 체력 1 회복.
Artifact,AR_SCALE_ARMOR,비늘 갑옷,장착자가 받는 전투 피해가 1 감소합니다.,3,,,,,true,false,0,4,,,,비늘 갑옷,The equipped Apostle takes 1 less combat damage.,장착자의 받는 전투 피해 -1.
Artifact,AR_CLOAK_AND_DAGGER,망토와 단검,장착자에게 Bypass를 부여합니다. 상대 플레이어를 공격할 때 공격 +2를 얻습니다.,4,,,,,true,false,3,1,,,,망토와 단검,The equipped Apostle gains Bypass and +2 Attack while attacking the enemy player.,장착자 우회 획득. 적 영웅 공격 중 공격 +2.
Artifact,AR_BALLOON_ARMOR,풍선갑옷,장착자가 피해를 받을 때마다 이 아티팩트의 체력 보너스가 1 감소합니다.,2,,,,,true,false,0,4,,,,풍선갑옷,"Each time the equipped Apostle takes damage, this artifact's health bonus drops by 1.",장착자 피해 시 이 아티팩트의 체력 보너스 -1.
Artifact,AR_RUBBER_GAUNTLET,고무고무 건틀릿,장착자는 Taunt를 무시하고 원하는 적 유닛을 공격할 수 있습니다.,3,,,,,true,false,2,2,,,,고무고무 건틀릿,The equipped Apostle may attack any enemy unit despite Taunt.,장착자는 도발을 무시하고 적 유닛 공격 가능.
Artifact,AR_EXPLODING_MUFFIN,폭발 머핀,장착자가 죽으면 모든 유닛에게 피해를 1 줍니다.,2,,,,,true,false,2,0,,,,폭발 머핀,"When the equipped Apostle dies, deal 1 damage to all units.",장착자 사망 시 모든 유닛에게 피해 1.
Artifact,AR_RONNIE_GAUNTLET,로네의 건틀릿,장착자가 강화될 때마다 추가로 공격 +1을 얻습니다.,3,,,,,true,false,2,2,,,,로네의 건틀릿,"Whenever the equipped Apostle is buffed, give the equipped Apostle +1 attack.",장착자 강화 시 추가 공격 +1.
Artifact,AR_MADNESS_MASK,광기의 가면,장착자가 피해를 받으면 공격 +1을 얻습니다.,2,,,,,true,false,3,-2,,,,광기의 가면,"When the equipped Apostle actually takes damage, give it +1 attack.",장착자 피해 시 공격 +1.
Artifact,AR_LUCKY_DIE,행운의 주사위,내 턴 시작 시 장착자에게 무작위로 공격 +1 또는 방어 +1을 부여합니다.,2,,,,,true,false,1,1,,,,행운의 주사위,"At the start of your turn, randomly give the equipped Apostle +1 attack or +1 health.",내 턴 시작: 장착자에게 무작위로 공격 +1 또는 방어 +1 부여.
Artifact,AR_ELF_WAND,엘프산 요술봉,장착 후 처음 사용하는 마법의 비용이 1 감소합니다.,2,,,,,true,false,1,1,,,,엘프산 요술봉,The first Spell you use after equipping this Artifact costs 1 less.,장착 후 처음 사용하는 마법의 비용이 1 감소.
Artifact,AR_RADIANT_TIARA,찬란한 티아라,장착되어 있는 동안 다른 아군 사도에게 공격 +1을 부여합니다.,4,,,,,true,false,2,3,,,,찬란한 티아라,"While equipped, other allied Apostles get +1 attack.",장착 중 다른 아군 사도 공격 +1.
Artifact,AR_DIAMOND_BRACELET,다이아몬드 팔찌,,3,,,,,true,false,1,4,,,,다이아몬드 팔찌,,
Artifact,AR_THORN_CROWN,가시 왕관,장착자를 공격한 적 유닛에게 전투 후 피해를 1 줍니다.,3,,,,,true,false,0,3,,,,가시 왕관,"After an enemy unit attacks the equipped Apostle, deal 1 to that attacker after combat.",장착자를 공격한 적 유닛에게 전투 후 피해 1.
Artifact,AR_GREED_RING,탐욕의 반지,장착자가 적 유닛을 처치하면 카드를 1장 뽑습니다. 턴당 1회 발동합니다.,4,,,,,true,false,1,1,,,,탐욕의 반지,"After the equipped Apostle kills an enemy unit, draw 1 card. Once per turn.",장착자 적 유닛 처치 시 카드 1장 뽑기. 턴당 1회.
Artifact,AR_STEEL_GREATSWORD,강철 대검,,3,,,,,true,false,4,0,,,,강철 대검,,
Artifact,AR_BURNING_BRANCH,불타는 가지,장착자가 적 유닛에게 피해를 주면 추가로 피해를 1 줍니다.,2,,,,,true,false,2,0,,,,불타는 가지,"After the equipped Apostle damages enemy unit, deal 1 additional damage to it.",장착자가 적 유닛에게 피해를 주면 추가로 피해 1.
Artifact,AR_LEATHER_ARMOR,가죽 갑옷,,2,,,,,true,false,0,4,,,,가죽 갑옷,,
Artifact,AR_OBSIDIAN_SHURIKEN,흑요석 수리검,장착자가 공격하기 전에 공격 대상에게 피해를 1 줍니다.,3,,,,,true,false,2,0,,,,흑요석 수리검,"Before the equipped Apostle attacks, deal 1 to chosen attack target.",장착자가 공격하기 전에 공격 대상에게 피해 1.
Artifact,AR_MIST_DAGGER,안개 비수,장착자에게 Bypass를 부여합니다.,2,,,,,true,false,2,0,Bypass,,,안개 비수,The equipped Apostle gains Bypass.,장착자에게 우회 부여.
Artifact,AR_OLD_ARROW,낡은 화살,,1,,,,,true,false,2,0,,,,낡은 화살,,
Artifact,AR_FOX_DAGGER,여우 단검,장착자가 상대 플레이어에게 피해를 주면 다음 턴까지 공격 +1을 얻습니다.,2,,,,,true,false,2,1,,,,여우 단검,"When the equipped Apostle damages enemy hero, grant +1 attack until the next turn.",장착자가 적 영웅에게 피해를 주면 다음 턴까지 공격 +1 획득.
Artifact,AR_WORSHIP_FRAME,숭배용 액자,장착자와 같은 종족의 다른 아군에게 공격 +1을 부여합니다.,3,,,,,true,false,0,2,,,,숭배용 액자,"While equipped, other friendly units of the equipped Apostle's race get +1 attack.",장착 중 같은 종족의 다른 아군 공격 +1.
Artifact,AR_ATTASWORD,앗따검,장착자가 공격한 뒤 공격 +1을 얻습니다.,3,,,,,true,false,3,1,,,,앗따검,"After the equipped Apostle attacks, permanently give it +1 attack.",장착자가 공격 후 공격 +1 획득.
Artifact,AR_PORK_CUTLET_PIN,돈까스모양 머리핀,장착 시 「돈까스」 마법을 1장 패에 생성합니다.,2,,,,,true,false,1,2,,,,돈까스모양 머리핀,"When equipped, create a Pork Cutlet Spell in your hand.",장착 시 「돈까스」 마법을 1장 패에 생성.
Artifact,AR_ATTATTAGUN,앗땃따건,장착자에게 감전을 부여합니다.,4,,,,,true,false,2,0,Shock,,,앗땃따건,The equipped Apostle gains Shock.,장착자에게 감전 부여.
Artifact,AR_BURNING_BOW,활활불타활,장착자가 적 유닛을 공격하면 공격 대상과 그 양옆 유닛에게 피해를 1 줍니다.,4,,,,,true,false,3,0,,,,활활불타활,"When the equipped Apostle attacks an enemy unit, deal 1 to target and its immediate left/right neighbors in enemy field order.",장착자 공격 시 적 유닛 대상과 양옆 유닛에게 피해 1.
Artifact,AR_PATCHED_STAFF,Patched Staff / 덧댄 지팡이,,1,,,,,true,false,1,1,,,Patched Staff,덧댄 지팡이,,
Artifact,AR_MAKESHIFT_WOODEN_SWORD,Makeshift Wooden Sword / 급조한 목검,,1,,,,,true,false,2,0,,,Makeshift Wooden Sword,급조한 목검,,
Artifact,AR_ALUMINUM_THIMBLE,Aluminum Thimble / 알루미늄 골무,,1,,,,,true,false,0,2,,,Aluminum Thimble,알루미늄 골무,,
Artifact,AR_RUSTY_AWL,Rusty Awl / 녹슨 송곳,"장착한 사도가 적 유닛에게 피해를 주면, 그 유닛에게 피해를 1 추가로 줍니다.",1,,,,,true,false,1,0,,,Rusty Awl,녹슨 송곳,"After the equipped Apostle deals damage to an enemy unit, deal 1 additional damage to it.","장착자가 적 유닛에게 피해를 주면, 그 유닛에게 추가 피해 1."
Artifact,AR_LEAF_ROBE,Leaf Robe / 잎사귀 로브,장착한 턴 동안 장착한 사도가 Bypass를 얻습니다.,1,,,,,true,false,0,2,,,Leaf Robe,잎사귀 로브,The equipped Apostle gains Bypass this turn.,장착한 턴 장착자 우회 획득.
Artifact,AR_GEMSTONE_RING,Gemstone Ring / 보석 반지,,2,,,,,true,false,1,2,,,Gemstone Ring,보석 반지,,
Artifact,AR_CARDBOARD_ARMOR,Cardboard Armor / 골판지 갑옷,장착한 사도가 피해를 받으면 이 아티팩트를 파괴합니다.,1,,,,,true,false,0,3,,,Cardboard Armor,골판지 갑옷,"After the equipped Apostle takes damage, destroy this Artifact.",장착자 피해 시 이 아티팩트 파괴.
Artifact,AR_CLOTH_WRAP_ROBE,Cloth-Wrap Robe / 보자기 로브,장착 시 장착한 사도의 체력을 1 회복합니다.,1,,,,,true,false,1,1,,,Cloth-Wrap Robe,보자기 로브,"When equipped, restore 1 Health to the equipped Apostle.",장착 시 장착자의 체력 1 회복.
Artifact,AR_TOWEL_HEADBAND,Towel Headband / 수건 머리띠,장착한 사도가 피해를 입은 상태라면 공격력을 1 추가로 얻습니다.,1,,,,,true,false,1,1,,,Towel Headband,수건 머리띠,"If the equipped Apostle is damaged, it gains +1 ATK.",장착자가 피해 상태면 공격 +1.
Artifact,AR_OLDWOOD_DAGGER,Oldwood Dagger / 고목나무 비수,,2,,,,,true,false,3,0,,,Oldwood Dagger,고목나무 비수,,
Artifact,AR_SLIME_CUSHION,Slime Cushion / 슬라임 쿠션,매 턴 장착한 사도가 처음 받는 피해를 1 감소시킵니다.,2,,,,,true,false,0,3,,,Slime Cushion,슬라임 쿠션,Reduce the first damage the equipped Apostle takes each turn by 1.,매 턴 장착자의 첫 피해 -1.
Artifact,AR_OVEN_MITT,Oven Mitt / 오븐 장갑,내 턴 종료 시 「빵」을 1장 생성합니다.,2,,,,,true,false,0,2,,,Oven Mitt,오븐 장갑,"At the end of your turn, create a Bread card in your hand.",내 턴 종료: 「빵」을 1장 생성.
Artifact,AR_WEIGHTED_VEST,Weighted Vest / 중량 조끼,이 아티팩트를 장착한 턴에는 장착한 사도가 공격할 수 없습니다.,2,,,,,true,false,1,4,,,Weighted Vest,중량 조끼,The equipped Apostle cannot attack on the turn this Artifact is equipped.,장착자는 장착한 턴 공격 불가.
Artifact,AR_HEALING_LANTERN,Healing Lantern / 치유의 호롱불,내 턴 종료 시 장착한 사도의 체력을 1 회복합니다.,2,,,,,true,false,0,2,,,Healing Lantern,치유의 호롱불,"At the end of your turn, restore 1 Health to the equipped Apostle.",내 턴 종료: 장착자의 체력 1 회복.
Artifact,AR_CLEVER_MOVE,Clever Move / 묘수,장착 시 카드를 1장 뽑은 후 1장을 버립니다.,2,,,,,true,false,1,1,,,Clever Move,묘수,"When equipped, draw 1 card, then discard 1 card.",장착 시 카드 1장 뽑고 1장 버리기.
Artifact,AR_FAIRY_ROBE,Fairy Robe / 요정 로브,장착한 사도가 요정이라면 추가로 +1/+1을 얻습니다.,2,,,,,true,false,1,2,,,Fairy Robe,요정 로브,"If the equipped Apostle is a Fairy, it gains an additional +1/+1.",장착자가 요정이라면 추가로 +1/+1 획득.
Monster,M_BULHYOJASON,불효자손,퇴장: +1/+1 아티팩트 하나를 패에 생성한다.,2,2,2,,,true,false,,,,,,불효자손,Deathrattle: Create a +1/+1 Artifact in your hand.,퇴장: +1/+1 아티팩트 하나를 패에 생성.
Monster,M_SANSAMO,산사모,,2,3,3,Vegetable,,true,false,,,,,,산사모,,
Monster,M_RACCOON_ARCHER,라쿤아치,,2,3,2,Beastfolk,,true,false,,,,,,라쿤아치,,
Monster,M_MEOGOM,머곰,Taunt,3,2,5,Beastfolk,Taunt,true,false,,,,,,머곰,Taunt,도발.
Monster,M_LUPARU,루파루,,2,2,3,Elemental,,true,false,,,,,,루파루,,
Monster,M_DRONE_S,드론 S형,,3,5,1,Machine,,true,false,,,,,,드론 S형,,
Monster,M_DRONE_G,드론 G형,,3,1,5,Machine,,true,false,,,,,,드론 G형,,
Monster,M_DRONE_U,드론 U형,,3,3,3,Machine,,true,false,,,,,,드론 U형,,
Monster,M_FURRY,퍼리,,1,2,2,Beastfolk,,true,false,,,,,,퍼리,,
Monster,M_BLANKET_GHOST,이불령,Bypass,2,2,3,Ghost,Bypass,true,false,,,,,,이불령,Bypass,우회.
Monster,M_LOW_SUGAR_FAIRY,저혈당 요정,등장: 무작위 채소 몬스터 하나를 생성한다.,3,2,3,Sprite,,true,false,,,,,,저혈당 요정,Battlecry: Create a random Vegetable Monster.,등장: 무작위 채소 몬스터 1개 생성.
Monster,M_HIGH_SUGAR_FAIRY,고혈당 요정,등장: 「빵」을 생성한다.,3,3,2,Sprite,,true,false,,,,,,고혈당 요정,Battlecry: Create a Bread.,등장: 「빵」 생성.
Monster,M_HOBAGING,호바깅,퇴장: 호박 몬스터 하나를 소환한다.,3,3,3,Vegetable,,true,false,,,,,,호바깅,Deathrattle: Summon a Pumpkin Monster.,퇴장: 호박 몬스터 1개 소환.
Monster,M_SHAYDIA_FAN,셰이디아 극성팬,Bypass,2,3,2,Ghost,Bypass,true,false,,,,,,셰이디아 극성팬,Bypass,우회.
Monster,M_BEASTFOLK_BERSERKER,수인 광전사,피해를 받은 상태라면 공격 +1.,3,4,2,Beastfolk,,true,false,,,,,,수인 광전사,"While damaged, gain +1 Attack.",피해 상태면 공격 +1.
Monster,M_BEASTFOLK_ARCHER,수인 궁수,,2,3,2,Beastfolk,,true,false,,,,,,수인 궁수,,
Monster,M_GOMOGUJI,고모구지,,2,2,4,Vegetable,,true,false,,,,,,고모구지,,
Monster,M_HANIPCHO,한입초,,1,2,1,Vegetable,,true,false,,,,,,한입초,,
Monster,M_WISP,위스프,,1,1,2,Elemental,,true,false,,,,,,위스프,,
Monster,M_ELF_ASSAULT,엘프 돌격병,Rush,2,3,1,Elf,Rush,true,false,,,,,,엘프 돌격병,Rush,속공.
Monster,M_ELF_SOLDIER,엘프 병사수,,2,2,3,Elf,,true,false,,,,,,엘프 병사수,,
Monster,M_NURURING,누루링,,1,1,2,,,true,false,,,,,,누루링,,
Monster,M_MOKDORYONG,목도룡,등장: 대상에게 피해 1.,1,1,1,Dragon,,true,false,,,,,,목도룡,Battlecry: Deal 1 damage to a target.,등장: 대상에게 피해 1.
Monster,M_DONGSEOK,동석,Taunt,3,1,6,Elemental,Taunt,true,false,,,,,,동석,Taunt,도발.
Monster,M_MUSCLE_DRAGON,근육인데용,,3,4,4,Dragon,,true,false,,,,,,근육인데용,,
Monster,M_HAETPAENGI,햇팽이,,2,2,3,,,true,false,,,,,,햇팽이,,
Monster,M_GIREOYONG,길어용,,4,3,6,Dragon,,true,false,,,,,,길어용,,
Monster,M_MOKMAEKKIM,목맥킴,퇴장: 「빵」을 생성한다.,2,2,2,,,true,false,,,,,,목맥킴,Deathrattle: Create a Bread.,퇴장: 「빵」 생성.
Monster,M_CRUMB,부스러기,퇴장: 「빵」을 생성한다.,1,1,1,,,true,false,,,,,,부스러기,Deathrattle: Create a Bread.,퇴장: 「빵」 생성.
Monster,M_NEW_HEART_SAFE,새마음금고,퇴장: 「랜덤 코인」을 생성한다.,5,4,7,,,true,false,,,,,,새마음금고,Deathrattle: Create a Random Coin.,퇴장: 「랜덤 코인」 생성.
